week,week_start,week_end,season
1,2021-09-09,2021-09-13,2021
2,2021-09-16,2021-09-20,2021
3,2021-09-23,2021-09-27,2021
4,2021-09-30,2021-10-04,2021
5,2021-10-07,2021-10-11,2021
6,2021-10-14,2021-10-18,2021
7,2021-10-21,2021-10-25,2021
8,2021-10-28,2021-11-01,2021
9,2021-11-04,2021-11-08,2021
10,2021-11-11,2021-11-15,2021
11,2021-11-18,2021-11-22,2021
12,2021-11-25,2021-11-29,2021
13,2021-12-02,2021-12-06,2021
14,2021-12-09,2021-12-13,2021
15,2021-12-16,2021-12-20,2021
16,2021-12-23,2021-12-27,2021
17,2021-12-30,2022-01-03,2021
18,2022-01-08,2022-01-09,2021